{"cameraMode":{"drawMode":0,"name":"Shaded","section":"Shading Mode"},"sceneLighting":true,"audioPlay":false,"sceneViewState":{"showFog":true,"showMaterialUpdate":false,"showSkybox":true,"showFlares":true,"showImageEffects":true,"showParticleSystems":true},"in2DMode":false,"pivot":{"x":-0.06328341364860535,"y":-3.0568525791168215,"z":-1.9035319089889527},"rotation":{"x":0.06958024948835373,"y":-0.9150213003158569,"z":0.179593026638031,"w":0.35448798537254336},"size":17.221900939941408,"orthographic":false}